P001;David;Williams;F;04/06/2015;693958518;789 Pine Rd;23/06/2022;WellnessCorp;INS840674;david.williams@mail.com;12345670A
P002;Emily;Smith;F;12/10/1984;822818876;321 Maple Dr;15/01/2022;PulseSecure;INS354079;emily.smith@mail.com;12345671B
P003;Laura;Jones;M;21/08/2018;839702984;321 Maple Dr;07/02/2022;PulseSecure;INS650929;laura.jones@mail.com;12345672C
P004;Michael;Johnson;F;20/02/1981;901944343;123 Elm St;02/03/2021;HealthIndia;INS789944;michael.johnson@mail.com;12345673D
P005;David;Wilson;M;23/06/1960;773446315;123 Elm St;29/09/2021;MedCare Plus;INS788105;david.wilson@mail.com;12345674E
P006;Linda;Jones;M;16/06/1963;756177726;321 Maple Dr;02/10/2022;HealthIndia;INS613758;linda.jones@mail.com;12345675F
P007;Alex;Johnson;F;08/06/1989;627871007;789 Pine Rd;25/12/2021;MedCare Plus;INS465890;alex.johnson@mail.com;12345676G
P008;David;Davis;F;05/07/1976;709055839;456 Oak Ave;25/05/2021;WellnessCorp;INS545101;david.davis@mail.com;12345677H
P009;Laura;Davis;M;11/12/1971;706032461;321 Maple Dr;18/09/2022;PulseSecure;INS136631;laura.davis@mail.com;12345678I
P010;Michael;Taylor;M;13/10/2001;708139673;123 Elm St;24/08/2022;WellnessCorp;INS866577;michael.taylor@mail.com;12345679J
P011;Emily;Jones;F;04/12/1966;899060407;789 Pine Rd;27/09/2022;MedCare Plus;INS172991;emily.jones@mail.com;12345678A
P012;Laura;Davis;F;08/12/1947;813566604;321 Maple Dr;27/04/2023;MedCare Plus;INS104014;laura.davis@mail.com;23456789B
P013;Laura;Johnson;F;28/03/1990;905917888;321 Maple Dr;23/12/2021;WellnessCorp;INS373237;laura.johnson@mail.com;34567890C
P014;Alex;Taylor;M;27/02/1968;729226251;789 Pine Rd;12/12/2023;MedCare Plus;INS118070;alex.taylor@mail.com;45678901D
P015;Sarah;Johnson;M;11/05/1964;663602851;321 Maple Dr;25/09/2021;WellnessCorp;INS922209;sarah.johnson@mail.com;56789012E
P016;Michael;Taylor;M;22/07/2000;722338059;789 Pine Rd;23/07/2021;PulseSecure;INS156958;michael.taylor@mail.com;67890123F
P017;Jane;Jones;M;01/05/1991;615842824;456 Oak Ave;26/09/2022;WellnessCorp;INS182074;jane.jones@mail.com;78901234G
P018;Laura;Wilson;M;24/09/1979;714581573;789 Pine Rd;23/09/2022;PulseSecure;INS635017;laura.wilson@mail.com;89012345H
P019;Sarah;Miller;M;24/05/1975;861805886;789 Pine Rd;24/06/2023;WellnessCorp;INS855073;sarah.miller@mail.com;90123456I
P020;Jane;Moore;F;06/06/2003;815898995;789 Pine Rd;03/04/2022;MedCare Plus;INS276089;jane.moore@mail.com;01234567J
P021;Michael;Wilson;M;01/03/2002;776539055;321 Maple Dr;19/01/2022;WellnessCorp;INS297392;michael.wilson@mail.com;11111111K
P022;John;Brown;M;10/05/1955;622109957;321 Maple Dr;11/05/2021;MedCare Plus;INS258823;john.brown@mail.com;22222222L
P023;Linda;Johnson;M;22/02/2013;614195183;789 Pine Rd;27/12/2021;WellnessCorp;INS730152;linda.johnson@mail.com;33333333M
P024;Sarah;Brown;F;04/11/1991;719677744;321 Maple Dr;02/09/2021;WellnessCorp;INS493002;sarah.brown@mail.com;44444444N
P025;Robert;Wilson;M;14/08/1946;748206972;123 Elm St;09/09/2021;HealthIndia;INS833429;robert.wilson@mail.com;55555555O
P026;John;Taylor;M;28/11/2023;990097225;123 Elm St;13/05/2021;MedCare Plus;INS598863;john.taylor@mail.com;66666666P
P027;Linda;Moore;F;29/06/1998;872451827;321 Maple Dr;15/08/2021;HealthIndia;INS467654;linda.moore@mail.com;77777777Q
P028;Alex;Moore;M;13/04/2024;702891048;321 Maple Dr;20/05/2023;MedCare Plus;INS679036;alex.moore@mail.com;88888888R
P029;David;Smith;M;15/05/2005;892360767;789 Pine Rd;19/04/2023;HealthIndia;INS630089;david.smith@mail.com;99999999S
P030;Emily;Moore;M;23/12/1964;662231872;456 Oak Ave;07/08/2021;PulseSecure;INS250262;emily.moore@mail.com;10101010T
P031;Robert;Miller;M;14/01/1947;828034667;321 Maple Dr;28/06/2022;WellnessCorp;INS542905;robert.miller@mail.com;12121212U
P032;Alex;Moore;M;08/01/2014;810218359;123 Elm St;02/10/2021;MedCare Plus;INS335362;alex.moore@mail.com;13131313V
P033;Michael;Wilson;F;06/02/1970;792321404;789 Pine Rd;06/09/2023;MedCare Plus;INS544209;michael.wilson@mail.com;14141414W
P034;Alex;Smith;F;26/01/1950;837465773;321 Maple Dr;18/06/2023;WellnessCorp;INS653880;alex.smith@mail.com;15151515X
P035;David;Wilson;F;13/04/1993;703961948;123 Elm St;09/07/2023;MedCare Plus;INS897079;david.wilson@mail.com;16161616Y
P036;Michael;Wilson;M;26/12/1997;854561304;123 Elm St;04/10/2022;MedCare Plus;INS764076;michael.wilson@mail.com;17171717Z
P037;Robert;Williams;M;05/02/2017;888680019;456 Oak Ave;30/09/2021;HealthIndia;INS319963;robert.williams@mail.com;18181818A
P038;David;Smith;M;25/06/1991;634726239;789 Pine Rd;19/04/2021;MedCare Plus;INS580761;david.smith@mail.com;19191919B
P039;Jane;Wilson;F;12/12/2020;927113133;789 Pine Rd;09/03/2021;PulseSecure;INS348710;jane.wilson@mail.com;20202020C
P040;Emily;Williams;M;30/05/1972;758765381;456 Oak Ave;16/10/2021;PulseSecure;INS320984;emily.williams@mail.com;21212121D
P041;Robert;Williams;M;19/06/1951;702064549;456 Oak Ave;16/07/2022;WellnessCorp;INS997059;robert.williams@mail.com;22222221E
P042;Jane;Smith;F;22/08/1954;704006900;789 Pine Rd;15/03/2022;MedCare Plus;INS956748;jane.smith@mail.com;23232323F
P043;Linda;Brown;M;25/03/1980;912766540;789 Pine Rd;18/07/2022;WellnessCorp;INS882355;linda.brown@mail.com;24242424G
P044;Robert;Taylor;F;11/03/1976;944945898;321 Maple Dr;26/01/2023;PulseSecure;INS364512;robert.taylor@mail.com;25252525H
P045;Linda;Miller;F;25/04/1966;757961653;321 Maple Dr;23/01/2021;MedCare Plus;INS701863;linda.miller@mail.com;26262626I
P046;Michael;Taylor;F;01/09/1986;801992582;456 Oak Ave;31/07/2021;MedCare Plus;INS368799;michael.taylor@mail.com;27272727J
P047;Jane;Moore;M;13/12/1995;871573285;321 Maple Dr;20/05/2022;WellnessCorp;INS337549;jane.moore@mail.com;28282828K
P048;Emily;Miller;M;24/03/1983;872098938;123 Elm St;19/06/2023;PulseSecure;INS694319;emily.miller@mail.com;29292929L
P049;David;Moore;M;26/11/1972;771293794;321 Maple Dr;14/06/2023;MedCare Plus;INS584299;david.moore@mail.com;30303030M
P050;Laura;Wilson;M;27/12/1993;830113473;321 Maple Dr;28/04/2023;WellnessCorp;INS712210;laura.wilson@mail.com;31313131N
P051;luciana;Sanches;;01/01/1999;345687654;;;19/05/2026;;;34567643R
P052;Santiago;Segura;;09/09/2000;546576234;;;19/05/2026;;;98563728I
P053;laia;jimenez;;09/09/2000;345654567;;;19/05/2026;;;34542356Y
